{
    "megaPriority": [
        "mail.google.com",
        "calendar.google.com",
        "docs.google.com",
        "maps.google.com",
        "www.google.com/maps",
        "photos.google.com",
        "chatgpt.com",
        "claude.ai",
        "ebay.com",
        "schwab.com",
        "youtube.com"
    ],
    "categories": [
        {
            "name": "AI Tools",
            "order": 1,
            "emoji": "🤖",
            "links": [
                {
                    "name": "ChatGPT",
                    "href": "https://chat.openai.com",
                    "category": "AI Tools",
                    "emoji": "💬"
                },
                {
                    "name": "Claude",
                    "href": "https://claude.ai",
                    "category": "AI Tools",
                    "emoji": "🧠"
                },
                {
                    "name": "Claude+Ernie Proj",
                    "href": "https://claude.ai/project/8096bdd5-6f48-4622-ad57-96a37cdf41e5",
                    "category": "AI Tools",
                    "emoji": "📊"
                },
                {
                    "name": "Grok",
                    "href": "https://grok.com",
                    "category": "AI Tools",
                    "emoji": "🧠"
                },
                {
                    "name": "MMMU Benchmarks",
                    "href": "https://mmmu-benchmark.github.io/",
                    "category": "AI Tools",
                    "emoji": "🧠"
                }
            ]
        },
        {
            "name": "Projects",
            "order": 2,
            "emoji": "📋",
            "links": [
                {
                    "name": "GitHub",
                    "href": "https://github.com/ernop",
                    "category": "Projects",
                    "emoji": "💻"
                },
                {
                    "name": "Todo",
                    "href": "https://docs.google.com/document/d/1ZVwa9cN-WoeDLJu4aipdJiQpwwlxb1wzG9dsqrUysd0/edit?tab=t.0#heading=h.fykc50s8m8ot",
                    "category": "Projects",
                    "emoji": "📝"
                },
                {
                    "name": "Terrain Parkour Todo",
                    "href": "https://docs.google.com/document/d/1s7ejXCJdnzJOqNAtxfMf2w3LsKt0tTqxiJwa0OcAMfw/edit?pli=1&tab=t.0",
                    "category": "Projects",
                    "emoji": "🏃"
                }
            ]
        },
        {
            "name": "Travel",
            "order": 3,
            "emoji": "✈️",
            "links": [
                {
                    "name": "Flight Connections",
                    "href": "https://www.flightconnections.com/",
                    "category": "Travel",
                    "emoji": "✈️"
                },
                {
                    "name": "Ernie Travel",
                    "href": "https://docs.google.com/document/d/1XrRC9QoyAtkGacHopibEyxB0N4u7DVNTFfFR-aM6xD0/edit?tab=t.0",
                    "category": "Travel",
                    "emoji": "✈️"
                }
            ]
        },
        {
            "name": "Local",
            "order": 4,
            "emoji": "🏠",
            "links": [
                {
                    "name": "Foster City Weather",
                    "href": "https://www.wunderground.com/hourly/us/ca/foster-city",
                    "category": "Local",
                    "emoji": "☁️"
                },
                {
                    "name": "Todo",
                    "href": "https://docs.google.com/document/d/1Hs25c_hxD9weaLCb1cDrueCf014N33CNGH6kSPAmAdU/edit?tab=t.0",
                    "category": "Local",
                    "emoji": "📝"
                },
                {
                    "name": "Meds",
                    "href": "https://docs.google.com/document/d/1CJ9fS8LMEv0JF_m5ER4eaNEzgzQ_CaueYl2K04cm324/edit?tab=t.0",
                    "category": "Local",
                    "emoji": "💊"
                }
            ]
        },
        {
            "name": "Health",
            "order": 5,
            "emoji": "❤️",
            "links": [
                {
                    "name": "Cure Parkinson's board",
                    "href": "https://healthunlocked.com/cure-parkinsons/posts",
                    "category": "Health",
                    "emoji": "❤️"
                }
            ]
        },
        {
            "name": "Local Apps",
            "order": 6,
            "emoji": "🛠️",
            "links": [
                {
                    "name": "Django",
                    "href": "http://localhost:8000/",
                    "category": "Local Apps",
                    "emoji": "🐍"
                },
                {
                    "name": "Altitude Maps",
                    "href": "http://localhost:8001/interactive_3d_viewer.html",
                    "category": "Local Apps",
                    "emoji": "🏔️"
                },
                {
                    "name": "Movie Searcher",
                    "href": "http://localhost:8002/",
                    "category": "Local Apps",
                    "emoji": "🎬"
                }
            ]
        }
    ]
}